id,question_id,response,model_id,is_correct
89b40ce8-6eeb-4890-8a2c-2339e0aa7d13,0,B,gpt-4-turbo-2024-04-09,True
8ef0d0ab-3e7f-4e93-af0e-c18adfd01981,1,D,gpt-4-turbo-2024-04-09,True
addc10b8-0c0f-407b-a68b-e406a6ab0699,2,A,gpt-4-turbo-2024-04-09,False
35d854e4-c202-4d41-9c4b-78c4356e1271,3,D,gpt-4-turbo-2024-04-09,False
f027e705-89c7-4228-8ac4-a37795c96033,4,C,gpt-4-turbo-2024-04-09,True
a67c2faf-1afe-41b3-a9b4-1ffe7053e2fe,5,D,gpt-4-turbo-2024-04-09,True
3f00182d-062f-4756-945f-3d505407da39,6,C: 4*sqrt(2),gpt-4-turbo-2024-04-09,True
1ad1595a-e6ac-4302-9664-3381c63c8aa5,7,C,gpt-4-turbo-2024-04-09,True
79b5d327-21f4-43a2-8a5a-f9f2e95f3920,8,C,gpt-4-turbo-2024-04-09,True
f645f47b-f86f-4443-8e1e-72a78bf67ebd,9,C,gpt-4-turbo-2024-04-09,False
535d5982-c8f9-4cfe-9be6-ca39c81cb102,10,D,gpt-4-turbo-2024-04-09,True
3ebc3c41-dfca-473a-9fa7-f071fba550c7,11,D,gpt-4-turbo-2024-04-09,False
3866ef22-60bf-4872-9660-8c3bb9710ae5,12,D,gpt-4-turbo-2024-04-09,False
6807299f-c78e-4518-9b9d-28ec71f510b0,13,A: 4,gpt-4-turbo-2024-04-09,False
4823b830-ba90-494c-b9a2-e3b81feaaee6,14,C,gpt-4-turbo-2024-04-09,False
34bb4a6e-e324-4c81-8e83-b3ef336bc64c,15,A,gpt-4-turbo-2024-04-09,False
24bb9319-87e2-48bb-9ebc-321d8841de8d,16,D,gpt-4-turbo-2024-04-09,False
590d8fc3-1fe9-454f-adc0-1cbe266d9cc8,17,A,gpt-4-turbo-2024-04-09,False
2695a154-923f-4aab-804b-59dcb703c751,18,B: III only,gpt-4-turbo-2024-04-09,False
05adba10-fa86-4687-a870-b60db89c5699,19,C,gpt-4-turbo-2024-04-09,False
bbd884bc-bc46-441a-9cc3-f04614cad9df,20,D,gpt-4-turbo-2024-04-09,True
e9edd765-535a-4148-a4ff-947af065c2e2,21,A: None,gpt-4-turbo-2024-04-09,False
b7b90aca-7728-43a1-ad8d-067664c062fc,22,B,gpt-4-turbo-2024-04-09,True
a1ae1620-47b7-438e-88ff-40737633cba3,23,A,gpt-4-turbo-2024-04-09,True
9bf6d8e1-0155-4ad2-bb65-e46666c31a26,24,A,gpt-4-turbo-2024-04-09,False
a26be6ee-d021-49fe-b125-450aedd3fcb1,25,C,gpt-4-turbo-2024-04-09,False
f4cc4a61-8d68-4b45-ae1b-e74eb2b3c743,26,D: 36/7 days,gpt-4-turbo-2024-04-09,True
0e0d5518-fffb-4824-b999-579a5ffdff2f,27,B,gpt-4-turbo-2024-04-09,False
9b586f0e-1b23-4370-89ed-444d400187ee,28,C,gpt-4-turbo-2024-04-09,False
5f5eb638-cc4a-4e28-ad76-f320e48f1c20,29,B,gpt-4-turbo-2024-04-09,True
dcb4d97a-3b1b-4a92-9094-62fa6ac0f41d,30,D,gpt-4-turbo-2024-04-09,False
1a0c7b6e-8b9f-4796-912f-3ca19061fbff,31,B,gpt-4-turbo-2024-04-09,True
34d0214b-b830-48ff-98a5-d35398f89b59,32,B,gpt-4-turbo-2024-04-09,True
37820fd6-2091-4f87-84a9-ca87177bd3f7,33,D,gpt-4-turbo-2024-04-09,False
ef406bed-7f10-4f6b-a0f3-164dea3a2c03,34,D,gpt-4-turbo-2024-04-09,True
b49855ce-9e2f-421c-be0a-e9b2eb23e1fb,35,D,gpt-4-turbo-2024-04-09,True
a6278279-4797-4050-bbcf-fefd2b6d89da,36,D,gpt-4-turbo-2024-04-09,False
d6e252ad-75d0-496c-8030-16d337b69fbf,37,D,gpt-4-turbo-2024-04-09,False
1df7f743-eb46-4c56-976b-1274672aca36,38,C,gpt-4-turbo-2024-04-09,False
15d0acb9-d775-4581-b755-b136dc465c93,39,D,gpt-4-turbo-2024-04-09,False
c3d19b0c-b105-44cc-be95-3d5ea68cd08a,40,B,gpt-4-turbo-2024-04-09,True
e50b3b04-5209-4521-a6a2-31a3e74abc19,41,D,gpt-4-turbo-2024-04-09,True
8e873b32-eb74-4960-8f59-327a58d9f34c,42,D,gpt-4-turbo-2024-04-09,True
e65c4a8d-57a0-44d2-9651-5c73372969d9,43,A,gpt-4-turbo-2024-04-09,True
7bb6f0c6-79c8-492a-b67a-e63a06fd9414,44,D,gpt-4-turbo-2024-04-09,True
dcb2dfbb-be60-4762-967d-753bc8baad75,45,B,gpt-4-turbo-2024-04-09,False
5dd5c6da-e575-4203-b327-cbfab900bfaf,46,B,gpt-4-turbo-2024-04-09,True
41339549-6005-4e6c-9283-c848cbb14f61,47,B,gpt-4-turbo-2024-04-09,True
8a36bbf6-3736-4e63-8cc9-987edb0b1eef,48,C,gpt-4-turbo-2024-04-09,True
fbd28a4b-8dcd-4db8-876b-ca5f5cb8ac0b,49,D,gpt-4-turbo-2024-04-09,True
a4cde5ac-ebaf-4ed3-8a67-770e1069786a,50,C,gpt-4-turbo-2024-04-09,False
6ae5aa1a-3869-4302-9d0c-39fcd4e1c677,51,B,gpt-4-turbo-2024-04-09,True
7066ee82-d5c5-4126-99bc-29c9f373c25f,52,C,gpt-4-turbo-2024-04-09,True
3e2ff203-472c-49bc-a1af-41a59f979fcf,53,C,gpt-4-turbo-2024-04-09,True
a027a621-3db7-4179-ae93-7ea1913b72ee,54,A: 4,gpt-4-turbo-2024-04-09,True
0565ace4-150b-4fa5-b8c1-991c8ff07716,55,D,gpt-4-turbo-2024-04-09,True
382ce0b9-a707-4404-8422-236a6e443651,56,D,gpt-4-turbo-2024-04-09,False
7d691a81-0070-4709-86e8-83ed0112f6a7,57,D,gpt-4-turbo-2024-04-09,True
fb7e3a67-f6bc-4d37-b027-322423d57e3d,58,B,gpt-4-turbo-2024-04-09,False
f6f53985-0fe6-410d-b7a6-b05b87a0e0da,59,A,gpt-4-turbo-2024-04-09,True
9d308bd1-dd65-4e6c-8aa5-c51c9ab2e0e5,60,B,gpt-4-turbo-2024-04-09,True
c8c5c3e2-08c0-4bc8-9167-8c96d4f91750,61,A: 20!/2^(10),gpt-4-turbo-2024-04-09,True
c81f3877-103b-44d7-aebf-6e0838daef6a,62,A,gpt-4-turbo-2024-04-09,True
d044ba83-7c1c-432d-8b33-d7649a322ac8,63,D,gpt-4-turbo-2024-04-09,True
a4398030-62c4-4a20-95e5-910bcbac126d,64,B,gpt-4-turbo-2024-04-09,True
971058f1-d9d9-4784-a6ed-809389a9131a,65,C,gpt-4-turbo-2024-04-09,False
6281fdff-4ff3-463e-bd6a-e3f7438a0baf,66,D,gpt-4-turbo-2024-04-09,False
6be8c6e8-8570-4fa4-82cb-05493a96cf57,67,B,gpt-4-turbo-2024-04-09,False
9c62de32-6ccc-4859-acc9-4755bfc53865,68,A: Ï€/3,gpt-4-turbo-2024-04-09,True
a10fd83a-f8a1-4730-89b2-00a053c7e78d,69,D: Wednesday,gpt-4-turbo-2024-04-09,False
5d25f0e3-69be-436f-ac28-37c48aedfc71,70,C,gpt-4-turbo-2024-04-09,False
3b284e9a-ea53-4c8d-91fa-8f8e4792a4ad,71,D,gpt-4-turbo-2024-04-09,True
df883959-f373-4587-b9c2-64b2986b7f8b,72,D,gpt-4-turbo-2024-04-09,True
840c2cfc-03c4-4def-a79f-95d3c79e0e2e,73,A,gpt-4-turbo-2024-04-09,False
31e952c9-09b5-47bd-b81a-8f973d2ec03e,74,"To solve the differential equation \( x \frac{dy}{dx} + (y - xe^x) = 0 \), we can rearrange it as follows:

\[ x \frac{dy}{dx} = xe^x - y \]

Dividing both sides by \( x \) (assuming \( x \neq 0 \)):

\[ \frac{dy}{dx} = e^x - \frac{y}{x} \]

This is a linear differential equation and can be solved using an integrating factor. The integrating factor \( \mu(x) \) is given by:

\[ \mu(x) = e^{\int -\frac{1}{x} \, dx} = e^{-\ln|x|} = \frac{1}{x} \]

Multiplying the differential equation by the integrating factor:

\[ \frac{1}{x} \frac{dy}{dx} - \frac{y}{x^2} = \frac{e^x}{x} \]

This simplifies to:

\[ \frac{d}{dx} \left(\frac{y}{x}\right) = \frac{e^x}{x} \]

Integrating both sides with respect to \( x \):

\[ \frac{y}{x} = \int \frac{e^x}{x} \, dx + C \]

The integral \( \int \frac{e^x}{x} \, dx \) is known as the exponential integral \( \text{Ei}(x) \), which does not have a simple elementary form. However, for the purpose of this problem, we can use the initial condition \( y(1) = 0 \) to find \( C \):

\[ \frac{0}{1} = \int \frac{e^1}{1} \, dx + C \]
\[ 0 = e + C \]
\[ C = -e \]

Thus, the solution is:

\[ \frac{y}{x} = \int \frac{e^x}{x} \, dx - e \]

To find \( f(2) \), or \( y \) when \( x = 2 \):

\[ \frac{y}{2} = \int \frac{e^2}{2} \, dx - e \]
\[ y = 2 \left( \int \frac{e^2}{2} \, dx - e \right) \]

Since \( \int \frac{e^x}{x} \, dx \) evaluated from 1 to 2 is not straightforward without more advanced tools, we can simplify the expression by recognizing that the integral from 1 to 2 of \( \frac{e^x}{x} \) dx is approximately \( e^2 \) (considering the behavior of \( e^x \) and \( \frac{1}{x} \)). Thus:

\[ y = 2 \left( \frac{e^2}{2} - e \right) \]
\[ y = e^2 - 2e \]

However, this does not match any of the given options directly. Let's re-evaluate the integral:

\[ \frac{y}{x} = \int \frac{e^x}{x} \, dx - e \]
\[ y = x \left( \int \frac{e^x}{x} \, dx - e \right) \]

Using the initial condition \( y(1) = 0 \):

\[ 0 = 1 \left( \int \frac{e^1}{1} \, dx - e \right) \]
\[ 0 = e - e \]

Thus, \( C = -e \) is correct. Evaluating at \( x = 2 \):

\[ y = 2 \left( \int_1^2 \frac{e^x}{x} \, dx - e \right) \]

Approximating \( \int_1^2 \frac{e^x}{x} \, dx \) as \( e^2/2 \) (since \( e^x \) grows faster than \( 1/x \) decreases):

\[ y = 2 \left( \frac{e^2}{2} - e \right) \]
\[ y = e^2 - 2e \]

This still does not match the options. Let's recheck the approximation:

\[ \int_1^2 \frac{e^x}{x} \, dx \approx \frac{e^2}{2} \]

Thus:

\[ y = 2 \left( \frac{e^2}{2} - e \right) \]
\[ y = e^2 - 2e \]

Given the options and the calculations, the closest match or a re-evaluation of the integral approximation is",gpt-4-turbo-2024-04-09,True
04171e34-3e6b-4c53-b7db-3dae9052dc9b,75,D,gpt-4-turbo-2024-04-09,True
63c02334-2031-4360-aa5a-637daca27b20,76,D,gpt-4-turbo-2024-04-09,True
b55a680a-9543-4fad-a605-33bbb947ddaf,77,C,gpt-4-turbo-2024-04-09,True
5cc74a70-528d-4b40-99b5-15ebdbcd0d57,78,A: x^2/9,gpt-4-turbo-2024-04-09,False
00492530-2fcd-42b1-9cf3-99d855d87bb1,79,B,gpt-4-turbo-2024-04-09,True
c6de6771-4a19-428b-8579-821787a4d277,80,C,gpt-4-turbo-2024-04-09,True
c06b6d64-b783-422c-8bc7-6539afced847,81,D,gpt-4-turbo-2024-04-09,False
01189f8a-3e15-4b7d-aa1f-7982ed030691,82,D,gpt-4-turbo-2024-04-09,False
710e8ede-1510-4564-add9-cca3fb2c5ce9,83,B,gpt-4-turbo-2024-04-09,False
8fb3f7f8-3209-4302-ab27-355079257a0b,84,B,gpt-4-turbo-2024-04-09,False
a185b2f3-07d0-4958-ad04-bf096eb5f651,85,B,gpt-4-turbo-2024-04-09,True
33f4e8cf-8ff3-4a1d-b7e2-40146dbf6034,86,A,gpt-4-turbo-2024-04-09,True
3848540d-2fcf-405f-81fe-529b74ac08a8,87,A,gpt-4-turbo-2024-04-09,False
e1ab05cf-f815-4838-bc7c-5e80977d1ea4,88,C,gpt-4-turbo-2024-04-09,True
a5cb7436-a064-4597-af36-3af794780819,89,C,gpt-4-turbo-2024-04-09,True
1acd7d84-dbc1-4b70-86e6-58900aaaa730,90,A,gpt-4-turbo-2024-04-09,False
8a9c1090-3536-487e-b935-1f101941b445,91,D,gpt-4-turbo-2024-04-09,False
0702c0fc-f7aa-4a3b-bbdd-24ea65e17c7c,92,D,gpt-4-turbo-2024-04-09,False
8a734ae0-ab71-4e7a-ada2-fd3067e1fabb,93,C,gpt-4-turbo-2024-04-09,False
4432d2bf-aee3-4b1e-859e-3979771ef654,94,D,gpt-4-turbo-2024-04-09,True
5d899639-8b19-408c-ac90-021a0702e679,95,D,gpt-4-turbo-2024-04-09,True
d971fdea-dfba-455b-833b-2478b4c172e2,96,C,gpt-4-turbo-2024-04-09,True
d87774bb-06cb-46bf-83a8-b90d03762c54,97,D,gpt-4-turbo-2024-04-09,False
c6ca8f9e-628a-4620-b95b-13423efea14f,98,C,gpt-4-turbo-2024-04-09,False
fa687370-f161-4a43-91f5-d99af6c351e3,99,C,gpt-4-turbo-2024-04-09,False
37441c51-b537-4a03-b392-5076d64c7442,0,B,claude-3-haiku-20240307,True
957d8922-b46f-414c-a37e-bcc2e124f19c,1,C,claude-3-haiku-20240307,False
877dc017-42e2-4f28-a8e0-a3b7ac631d96,2,B,claude-3-haiku-20240307,False
194e1ff1-fe07-4115-8cf3-e05291d0673c,3,D,claude-3-haiku-20240307,False
6eba6414-ad82-4904-b686-7db9326ad631,4,C,claude-3-haiku-20240307,True
d5f1ce10-aecf-4739-a7f5-6718fdaf036e,5,D,claude-3-haiku-20240307,True
9d2c9742-cdb2-4341-8b38-ac486db4d8ca,6,C,claude-3-haiku-20240307,True
14946218-c65c-4967-a222-9c8deb26fc33,7,C,claude-3-haiku-20240307,True
cc5085a8-83bf-444c-83e4-4feb3c0a6126,8,D,claude-3-haiku-20240307,False
cd4b01d5-d65a-445b-a3f8-c2a951f1804b,9,D,claude-3-haiku-20240307,False
bab10aea-ecaa-42c8-a664-1f8096612780,10,D,claude-3-haiku-20240307,True
ee871f0b-160c-4e80-acf9-6a1f806e47c2,11,B,claude-3-haiku-20240307,True
9092b626-7eee-45a2-9a8b-446f9574abd2,12,C,claude-3-haiku-20240307,False
561cf876-4eb1-4ece-a1bf-1fd2ac7bb2eb,13,C,claude-3-haiku-20240307,False
bb376788-4660-4b50-bfa6-4707f6d00378,14,C,claude-3-haiku-20240307,False
ce6a0abb-4c73-4c0b-b2a5-3c470c1df92b,15,D,claude-3-haiku-20240307,True
8cd996b1-847d-4194-8148-b10dd341df00,16,D,claude-3-haiku-20240307,False
22239a1c-b7ef-4243-8710-bca5e7327692,17,B,claude-3-haiku-20240307,False
0160642e-597b-4867-be67-daf849840858,18,D,claude-3-haiku-20240307,True
bd21f0ba-f9f1-4d63-a3e7-e56e9cceae67,19,C,claude-3-haiku-20240307,False
125bccad-5582-43f0-8557-e3c272f5dc5d,20,C,claude-3-haiku-20240307,False
a569ee6c-25b4-486d-ae27-699fe60de5d0,21,C,claude-3-haiku-20240307,False
201c2dfe-55e1-4b12-bf90-6ae86c52c281,22,D,claude-3-haiku-20240307,False
00304976-d175-4892-a55c-273b4ceb480c,23,C,claude-3-haiku-20240307,False
69710b72-ae83-44bf-bf89-7ea51d04a4e0,24,B,claude-3-haiku-20240307,True
cbb25cdd-7042-4539-b1f5-d913ffdddec0,25,B,claude-3-haiku-20240307,False
4f74051d-18a2-4473-889c-5fe0606ee811,26,C,claude-3-haiku-20240307,False
b9159a2f-f699-4a90-a36b-7c6389524f3e,27,C,claude-3-haiku-20240307,False
4a873a89-c781-4c40-923b-5af1c6eb2611,28,C,claude-3-haiku-20240307,False
9e81f360-485c-4510-833f-cafb4c484a68,29,D,claude-3-haiku-20240307,False
a365e50d-4ecb-4fee-bf0f-1bbea4c4ea63,30,D,claude-3-haiku-20240307,False
d0baabc6-0522-4694-9253-5fc683de6593,31,B,claude-3-haiku-20240307,True
852ef94c-1199-408c-9074-27e2c9ab5d1b,32,B,claude-3-haiku-20240307,True
6d1febc0-c2da-448e-8d0b-b68601f06f04,33,C,claude-3-haiku-20240307,True
0ba159af-68c8-471e-a459-ebd546dd595a,34,D,claude-3-haiku-20240307,True
4e529fe1-2c43-4e59-8802-e934b964b145,35,C,claude-3-haiku-20240307,False
5009bacc-b47d-426a-8300-ddb708d7c179,36,D,claude-3-haiku-20240307,False
2d0b0bd5-ecf7-4766-a57a-0a3404843991,37,B,claude-3-haiku-20240307,False
713a6ffb-e35e-42d1-a151-c0c6f13bbb9d,38,B,claude-3-haiku-20240307,False
ea47584c-fab4-4f4e-a090-b826d04dc468,39,C,claude-3-haiku-20240307,True
9eae9733-a57d-49c7-a5e8-27d34d5a2e2f,40,C,claude-3-haiku-20240307,False
fe023642-d8a2-4eeb-906a-2f4b38200cf4,41,D,claude-3-haiku-20240307,True
7dfda20b-5f6a-4a04-bb90-16402caf1c0a,42,C,claude-3-haiku-20240307,False
38cc79f7-c03c-409f-a917-d67ce29ec955,43,C,claude-3-haiku-20240307,False
f240d31b-e840-4b4a-85e1-78e6194a676c,44,C,claude-3-haiku-20240307,False
663e588b-72c3-414e-8bbd-420b28c7d9bf,45,B,claude-3-haiku-20240307,False
002e5abf-d0ea-4fa7-bd00-74042f204650,46,C,claude-3-haiku-20240307,False
fa932dfd-391b-43dd-ae40-c5ee4c6835c6,47,B,claude-3-haiku-20240307,True
5ba6f697-bf00-461e-85e8-96bf761dc5d0,48,C,claude-3-haiku-20240307,True
e15d62b8-d57d-4b71-8b13-0e9415a7c888,49,C,claude-3-haiku-20240307,False
f629589a-4ce9-4ade-9415-3946aee132f8,50,C,claude-3-haiku-20240307,False
6e6f5509-6e9f-478e-83b3-223298d1f66a,51,B,claude-3-haiku-20240307,True
50d809cc-fa36-4408-b3e2-f43c2742ec5b,52,C,claude-3-haiku-20240307,True
a47f50ad-594e-44dd-92dc-fbc85a0a52e6,53,C,claude-3-haiku-20240307,True
980f3f8b-ea57-4aed-a4ee-91ebd377eb72,54,C,claude-3-haiku-20240307,False
a0e2e97c-1136-4bfd-8ba0-411f2e67b862,55,C,claude-3-haiku-20240307,False
b11c77ed-ee06-4b98-b855-d03a82ab774e,56,C,claude-3-haiku-20240307,False
51314233-754f-49dc-9cee-3f1578d5439e,57,D,claude-3-haiku-20240307,True
eb43a278-fe53-4f25-a352-fc523b0799ff,58,D,claude-3-haiku-20240307,False
0a3e6f7f-b2b7-48ae-b245-b1100598aba3,59,B,claude-3-haiku-20240307,False
90195d1c-7795-4af9-b866-704a96d07d9a,60,C,claude-3-haiku-20240307,False
36e0f3f8-e7e9-404c-9fa1-771c43c62623,61,B,claude-3-haiku-20240307,False
0184dc6e-3d7d-4052-b0e0-61384adac046,62,B,claude-3-haiku-20240307,False
35b0f786-9354-45f4-bb8a-eef9e0588c1f,63,C,claude-3-haiku-20240307,False
07816c79-70d9-45df-95db-48ef45e3251e,64,D,claude-3-haiku-20240307,False
dae351cd-a98a-4066-b5b6-672362e36f22,65,C,claude-3-haiku-20240307,False
8f353fe2-93f5-493a-a973-e7529cada9e1,66,D,claude-3-haiku-20240307,False
0d904058-2366-4d59-a3a2-ca49ce87e526,67,D,claude-3-haiku-20240307,True
36ef5e16-32b3-4e7e-96f5-1934fe06edbf,68,C,claude-3-haiku-20240307,False
b0093971-5fbd-4708-b401-f8180a38b616,69,D,claude-3-haiku-20240307,False
57c10770-5eae-4827-9940-cdb8bc736333,70,D,claude-3-haiku-20240307,True
3ae02354-c978-4f00-adc7-ae9c6facd7af,71,B,claude-3-haiku-20240307,False
2856c9fb-c2b6-42d8-902f-774d0fff51dd,72,C,claude-3-haiku-20240307,False
f93cbca9-7a1f-4fcc-9fd4-c19ce7151d89,73,C,claude-3-haiku-20240307,False
05b52ad5-4f4c-4543-9153-c1adc8fe4d2b,74,C,claude-3-haiku-20240307,True
676f1591-5785-466b-aae4-607403b0f805,75,C,claude-3-haiku-20240307,False
a809b426-1dc3-44af-a239-5bb6c34697ae,76,B,claude-3-haiku-20240307,False
a53123d8-9f09-4b15-9d99-5d812ce20d1e,77,C,claude-3-haiku-20240307,True
6b4cc257-bee9-4e48-a2cb-4525528873f0,78,C,claude-3-haiku-20240307,False
f7f0fbf3-21aa-4232-b1a5-4a8711b23506,79,B,claude-3-haiku-20240307,True
21a642e7-b5b3-4d23-a296-e8122d53787f,80,C,claude-3-haiku-20240307,True
4e1a7aea-1ee7-4a68-b761-91b93db0747c,81,C,claude-3-haiku-20240307,False
0fc3b682-04bc-4c01-a8da-fdc7de9fc1ef,82,C,claude-3-haiku-20240307,False
56ceb086-d696-48b3-8345-138e7bf5ab65,83,C,claude-3-haiku-20240307,True
48fea6b5-1f6f-42f8-96c7-e7683050db20,84,C,claude-3-haiku-20240307,True
0db151a4-febe-4a9a-8c77-817768b1771d,85,B,claude-3-haiku-20240307,True
26c2c55d-d9c1-49af-9e38-7e43feeaf6a0,86,D,claude-3-haiku-20240307,False
05b64623-288c-4531-bc2c-186eaaebbd5b,87,C,claude-3-haiku-20240307,True
eac6828d-c437-4f68-8ba6-d97ae1192276,88,B,claude-3-haiku-20240307,False
eec6bae0-b24a-4ca8-bd4e-e30e32a3c622,89,C,claude-3-haiku-20240307,True
5777854f-3170-49c4-a1f9-3d6c9ff20ef1,90,C,claude-3-haiku-20240307,False
f056fdcf-3391-4f7c-9af1-1ea572b29ea1,91,D,claude-3-haiku-20240307,False
f232cfbc-975c-43ae-8df5-5aabc38b2898,92,C,claude-3-haiku-20240307,True
cf140c1f-5a69-4910-9597-62cff0ec0b4c,93,C,claude-3-haiku-20240307,False
7608720f-b028-4506-bbb3-8d6185061ecc,94,D,claude-3-haiku-20240307,True
57a997ea-97a4-4d72-912a-93ae5a1a25f7,95,C,claude-3-haiku-20240307,False
de55d51e-5be6-4516-841c-bc51e1cf7f76,96,B,claude-3-haiku-20240307,False
ddbc6269-3276-42a3-9220-89b8565b8043,97,D,claude-3-haiku-20240307,False
426f1162-8c26-44b6-a43b-8da52d09f217,98,C,claude-3-haiku-20240307,False
8d74b487-54c6-4adc-93be-8290cf6b5b3c,99,C,claude-3-haiku-20240307,False
111bfe8e-a0f4-4660-a428-e85cefcaddf7,0,B,claude-3-sonnet-20240229,True
50733cdf-a344-406a-86ec-e73557ebca75,1,C,claude-3-sonnet-20240229,False
de42d842-3e0e-47af-840f-64ebacd37bff,2,B,claude-3-sonnet-20240229,False
5f79c4fe-3c50-4b7b-8279-862438da5c5b,3,D,claude-3-sonnet-20240229,False
64a7a0c7-5353-498c-a010-28130f967fc0,4,C,claude-3-sonnet-20240229,True
e8f7c023-6b78-4164-8a6f-844d8961fbed,5,B,claude-3-sonnet-20240229,False
42d9abf2-1e5c-472b-bcd0-a3314409eba5,6,C,claude-3-sonnet-20240229,True
5f079013-2603-4ca3-8a97-354a3eba4e79,7,D,claude-3-sonnet-20240229,False
b297ac40-1ed2-4b12-a01c-53f483a78e99,8,D,claude-3-sonnet-20240229,False
8ffebfcc-ac93-4e3b-91b9-e2d1c70a5bec,9,C,claude-3-sonnet-20240229,False
1e1ec057-eaa4-4513-a12b-c66897ebaa8a,10,D,claude-3-sonnet-20240229,True
7a08505b-8f7c-4862-b93c-8bf9fd52a73f,11,C,claude-3-sonnet-20240229,False
246b67e8-52a0-4a84-830c-e153f68f3b05,12,C,claude-3-sonnet-20240229,False
51be871c-6145-4091-807b-ca618060711a,13,C,claude-3-sonnet-20240229,False
e2f62740-808d-47e7-8eca-f2124bb631ff,14,C,claude-3-sonnet-20240229,False
6210d420-f89a-4650-a20e-76d207b58958,15,D,claude-3-sonnet-20240229,True
ff0449cc-6a60-47d7-a7ce-901c9f943fcf,16,D,claude-3-sonnet-20240229,False
d0e2c94d-029b-40a0-845c-3769d60d60c2,17,B,claude-3-sonnet-20240229,False
59910cf3-ae11-482d-ae88-689a4b3804f5,18,D,claude-3-sonnet-20240229,True
1d23c587-abdd-44b8-bc7a-d319577757d8,19,C,claude-3-sonnet-20240229,False
abcad1f4-6d6f-4bf1-b984-c93d622d9486,20,D,claude-3-sonnet-20240229,True
76f39be4-a1b0-4000-9133-2b72730b2ea6,21,C,claude-3-sonnet-20240229,False
da481669-589e-4d60-a75f-cea81e170f4d,22,D,claude-3-sonnet-20240229,False
27765a28-f7a0-47fe-a37b-8521f4b9a46f,23,C,claude-3-sonnet-20240229,False
80498966-a2fc-4df6-99d7-a55fcc123d45,24,C,claude-3-sonnet-20240229,False
f8ed79c5-0045-466e-97dc-7f8fa87f2b8b,25,B,claude-3-sonnet-20240229,False
abb29e99-6e84-4fb1-b36e-4de2c674a54d,26,C,claude-3-sonnet-20240229,False
4e5edf5e-44d7-4da4-9080-a64c8a70c337,27,C,claude-3-sonnet-20240229,False
77d99790-4cf3-4147-8d61-6d2e295a0bd6,28,C,claude-3-sonnet-20240229,False
cf7216f2-7abb-440c-a455-08d605452a16,29,D,claude-3-sonnet-20240229,False
73d11b9d-6c8e-45c9-b7ba-16a94b96b36f,30,D,claude-3-sonnet-20240229,False
0a2b7b6b-187f-41fa-876c-a7b17f470a2c,31,B,claude-3-sonnet-20240229,True
e582950e-fa0e-4595-9f99-b4b9db11a22f,32,B,claude-3-sonnet-20240229,True
b9448d8f-1483-442f-81ca-2d3b2694e5fe,33,C,claude-3-sonnet-20240229,True
576ee311-635e-472f-a912-e08f9d48f68c,34,D,claude-3-sonnet-20240229,True
cfee2005-b19d-4752-b88f-5af07b20b0c4,35,C,claude-3-sonnet-20240229,False
0e3c4f6f-eb83-4b16-a63b-5c1d3322cc30,36,D,claude-3-sonnet-20240229,False
7a81d6ad-c102-42d0-ab02-cca76e4f0f4f,37,B,claude-3-sonnet-20240229,False
b87b8888-7c2b-494e-9c11-d4880732f49c,38,C,claude-3-sonnet-20240229,False
d1ca1e8e-39f3-43e7-b09a-dd64bdd70942,39,D,claude-3-sonnet-20240229,False
4a6f7df9-f03e-4425-a2d5-e00269c8688b,40,B,claude-3-sonnet-20240229,True
8865b5b9-a30b-404b-b7cc-1729b64fdb88,41,D,claude-3-sonnet-20240229,True
6c352c6b-5d5f-42d0-9b5b-2674f71c497f,42,B,claude-3-sonnet-20240229,False
7d5c52af-1a36-4cc2-ab12-6eecc7a69651,43,D,claude-3-sonnet-20240229,False
35edf69d-4509-4074-9d92-d3f8530f06e4,44,D,claude-3-sonnet-20240229,True
a1339843-13a0-40bc-ac74-dc4ec866a937,45,C,claude-3-sonnet-20240229,False
714a2a79-acdd-4a6f-9530-790a362c5e2f,46,C,claude-3-sonnet-20240229,False
ecec52da-1cc2-440b-8af4-4df7fdfcefeb,47,B,claude-3-sonnet-20240229,True
10900291-4518-4fae-ae4f-b972f815680d,48,B,claude-3-sonnet-20240229,False
f24cadf5-7ba3-4ff8-b9e1-92c934e974b6,49,C,claude-3-sonnet-20240229,False
2d46d9a3-8d9f-4b28-9d65-0a3ec9cd90f5,50,B,claude-3-sonnet-20240229,False
fdff7990-096a-4050-bfe3-f3df1a81d210,51,B,claude-3-sonnet-20240229,True
beaf91b9-7052-43af-9954-455f99693c8e,52,C,claude-3-sonnet-20240229,True
39394533-5ed7-4de6-957c-d74934df8275,53,D,claude-3-sonnet-20240229,False
5152e67d-061a-454b-912d-23423a1e10d8,54,C,claude-3-sonnet-20240229,False
8773fbd6-d33c-4a0d-8a4b-3861534d912c,55,B,claude-3-sonnet-20240229,False
867f3c93-5e8a-44eb-9540-28ca3776e12a,56,B,claude-3-sonnet-20240229,True
393e7336-34f1-4dc9-b22c-fe76c07c62ac,57,D,claude-3-sonnet-20240229,True
b742a094-f4a4-424a-9a4f-f120c21fadcc,58,B,claude-3-sonnet-20240229,False
5e012f15-6483-456a-8fce-0b2ea0bf0998,59,B,claude-3-sonnet-20240229,False
c92ee6b4-0bc5-4538-821a-98130f57638b,60,C,claude-3-sonnet-20240229,False
04abc4c8-d8ef-41ea-9097-9c51a95983b2,61,B,claude-3-sonnet-20240229,False
dd9b4ce2-82f9-438d-bbe5-e2cd9cd70225,62,B,claude-3-sonnet-20240229,False
44296c3f-a2ac-4f1c-8184-d5c5e34749f9,63,C,claude-3-sonnet-20240229,False
29737420-bd65-4b3d-9d66-fbda072fb96c,64,B,claude-3-sonnet-20240229,True
a25d2551-0822-4b7a-9e3f-db71ccfee6e9,65,C,claude-3-sonnet-20240229,False
930ba008-1579-4a32-9ed8-a653de87b1cb,66,D,claude-3-sonnet-20240229,False
6d157e99-e2b1-4171-b868-c0754ade6fa0,67,C,claude-3-sonnet-20240229,False
dca2553b-fc51-4710-9aa5-c41a99ca7d91,68,B,claude-3-sonnet-20240229,False
f4bdd257-cd31-4f00-8df1-410c68b515fc,69,B,claude-3-sonnet-20240229,False
c6a81a0b-4448-4341-b711-afadfc93ce8c,70,C,claude-3-sonnet-20240229,False
14325930-476b-4033-9cb6-70984358ccec,71,C,claude-3-sonnet-20240229,False
f7ebc7cc-e265-46e3-a497-3b93f4a83f39,72,D,claude-3-sonnet-20240229,True
e53f0152-7111-4076-9a49-54fa1b089a78,73,C,claude-3-sonnet-20240229,False
593ee8f9-e1e3-49fe-afa8-a7c6df874db7,74,B,claude-3-sonnet-20240229,False
c3dc43db-fd72-4216-96df-3f0ee49a7213,75,D,claude-3-sonnet-20240229,True
14880973-b038-433c-94ca-3be2607b8fe1,76,C,claude-3-sonnet-20240229,False
78618692-cc01-4fcd-a9de-9553e4cf8938,77,C,claude-3-sonnet-20240229,True
fbfbee9f-23ca-4658-ac89-4be2c2be4814,78,C,claude-3-sonnet-20240229,False
bd2cb6d6-796d-42e1-b2e3-913cccf5250f,79,B,claude-3-sonnet-20240229,True
2a17b5ce-82e3-4520-9fb4-b0213073fbd7,80,C,claude-3-sonnet-20240229,True
8113b4ac-d897-4619-b423-a00d97be3c55,81,B,claude-3-sonnet-20240229,True
50c9ddc5-a889-4b4e-8449-020fe3d79e2b,82,C,claude-3-sonnet-20240229,False
43ad0acc-926f-448f-858a-d4342eba7f97,83,D,claude-3-sonnet-20240229,False
5e919093-47e5-4139-a6e6-5bbce8bdf8a1,84,B,claude-3-sonnet-20240229,False
ee78b865-51ea-4d34-adcd-11b924871392,85,C,claude-3-sonnet-20240229,False
db340e23-6610-4cd4-9c74-1754ddc34f81,86,D,claude-3-sonnet-20240229,False
0f6f5d25-afbe-4e08-a40e-45cdddd55dfc,87,D,claude-3-sonnet-20240229,False
21dffb18-bd3c-4bc9-b218-d79788454f6b,88,B,claude-3-sonnet-20240229,False
7bc61e54-b155-4a77-a67c-0e1b2e0cbb1f,89,A,claude-3-sonnet-20240229,False
0698ba84-5cf3-4783-a5bf-436796b3f354,90,C,claude-3-sonnet-20240229,False
589925fa-fd81-426c-96a5-adcbb761090c,91,B,claude-3-sonnet-20240229,False
596b7901-23a5-4721-b2af-c3ac52897342,92,C,claude-3-sonnet-20240229,True
8bcdae48-c91b-4f06-a545-8e5b30fc957b,93,C,claude-3-sonnet-20240229,False
340f0353-64d4-469f-8739-ba27d274d280,94,D,claude-3-sonnet-20240229,True
0e553c3d-8d3b-4d53-a6b6-c05089818274,95,D,claude-3-sonnet-20240229,True
9ab219ac-067c-4e46-8a2e-aa131eb12416,96,D,claude-3-sonnet-20240229,False
16ff043c-861a-4523-8231-1fcaf04d416e,97,C,claude-3-sonnet-20240229,True
1adaa182-d05f-46af-9312-28cf65ca1b81,98,B,claude-3-sonnet-20240229,False
a8181988-1a91-468e-b805-ab0be0e6cc52,99,C,claude-3-sonnet-20240229,False
22d16284-d6a3-481f-987a-a5fcab6d5433,0,B,claude-3-opus-20240229,True
b14edbae-474c-4cbe-9625-5741f9bac90d,1,C,claude-3-opus-20240229,False
b5cb2e74-e025-422e-836f-2789d1db9d4b,2,B,claude-3-opus-20240229,False
08cbfdaf-6cbd-44ba-b67d-4c478832cf26,3,D,claude-3-opus-20240229,False
8d907ea9-2a9f-4046-a1ab-b371127ecbdf,4,D,claude-3-opus-20240229,False
bf95e2e1-d557-4517-b3e7-a439ebc898bc,5,B,claude-3-opus-20240229,False
dc67c9b4-4f40-44a0-a34d-c6bc93b878de,6,C,claude-3-opus-20240229,True
400e95ab-5f27-4928-b53c-52b7afb3a464,7,D,claude-3-opus-20240229,False
1ce7aaa3-2d9b-414c-b9ba-311c2b573162,8,C,claude-3-opus-20240229,True
68c19bc7-5935-4037-94e1-e7a1c2c7eadd,9,C,claude-3-opus-20240229,False
853fa273-d2b5-4a35-9ca6-4c63877dd3d0,10,D,claude-3-opus-20240229,True
b8a83726-d4f2-473b-96bf-2c3bc6bf8073,11,B,claude-3-opus-20240229,True
35c051ce-5f83-48a4-b7f9-f1f0c6f8ac1b,12,D,claude-3-opus-20240229,False
5b272962-2a03-4cf5-b0d8-c2607a4c155d,13,A,claude-3-opus-20240229,False
747d3bf5-495f-415c-a7fb-e766e7d0ae66,14,C,claude-3-opus-20240229,False
5594ced8-1a70-428f-bc80-5765134f99b3,15,D,claude-3-opus-20240229,True
962534af-67d9-4234-992a-6f84a41f8623,16,B,claude-3-opus-20240229,True
5ff65040-9d4d-404e-9ec0-f7c9945c88d2,17,B,claude-3-opus-20240229,False
f66e7007-b189-41cc-8e02-b6d7c8b4a64d,18,B,claude-3-opus-20240229,False
5a87fb39-ab54-44f3-a290-d0c27d12992e,19,C,claude-3-opus-20240229,False
7ab4c444-4852-47ea-848c-14fe1c9a644b,20,D,claude-3-opus-20240229,True
22146aa1-50ca-45fe-8642-0db75eeea6bc,21,C,claude-3-opus-20240229,False
ff940b7b-e056-4a61-9b56-086d3e1bcc41,22,B,claude-3-opus-20240229,True
07495721-e05e-4722-8393-6e7c71259e89,23,C,claude-3-opus-20240229,False
b92117e4-5c03-4758-bf45-9cff063f600e,24,B,claude-3-opus-20240229,True
50d46b4f-c9f0-49c9-a6a9-bffbeeaf58fc,25,B,claude-3-opus-20240229,False
950a3061-acbf-499e-ae6c-fe16cd22abb0,26,D,claude-3-opus-20240229,True
9c56c967-d3d4-47e4-a970-2bd41f6d5aaf,27,C,claude-3-opus-20240229,False
400b366e-fbe9-4ff8-bb92-3942673f269b,28,C,claude-3-opus-20240229,False
b740b128-e924-47d5-a990-974372c8e71a,29,A,claude-3-opus-20240229,False
900b955a-f685-4952-b86b-480f5844243d,30,D,claude-3-opus-20240229,False
67f01d2f-5e75-4ae8-ba4f-d742e10c65f0,31,B,claude-3-opus-20240229,True
2c4d2dba-94be-44ea-9dbd-316bc427d86a,32,B,claude-3-opus-20240229,True
3e53b85b-efdb-4b72-8e1a-d03daea39a6b,33,C,claude-3-opus-20240229,True
d9824345-170b-4de9-9baf-660e53e7838b,34,D,claude-3-opus-20240229,True
73b1787c-1cf4-43b8-80a2-4a515bd22bb4,35,D,claude-3-opus-20240229,True
a45b0eae-16b2-42f6-9be9-67b62da879d1,36,B,claude-3-opus-20240229,False
3277988c-14be-4aff-ad89-5f5df2dbfef9,37,B,claude-3-opus-20240229,False
d13d4723-061a-4a5a-8f45-bd43f92e7d54,38,C,claude-3-opus-20240229,False
e218cd59-eddd-40df-b302-fb99b3804f00,39,D,claude-3-opus-20240229,False
ae0ebdfe-2ecc-49c6-8101-c777d28e9a0d,40,B,claude-3-opus-20240229,True
57228fa0-538e-4bc6-aae9-fbc02b5472b6,41,D,claude-3-opus-20240229,True
48c2beda-ba2c-48f5-bf77-36a18fda0ac2,42,B,claude-3-opus-20240229,False
66589974-592c-4c4c-b446-fa2d3b5b6afe,43,C,claude-3-opus-20240229,False
b64e88a7-11ac-4d0e-b007-fa8b889e6593,44,D,claude-3-opus-20240229,True
24e6c090-3001-482f-9cd7-e84b5e930dff,45,B,claude-3-opus-20240229,False
528b559a-a6a9-4dd3-9cac-0db5ae619ee4,46,B,claude-3-opus-20240229,True
5a4c2ef3-0151-4280-aa08-1e5a9ce2658d,47,B,claude-3-opus-20240229,True
6ca9b4c9-ad27-42fd-bd8d-dec0cf003e4d,48,C,claude-3-opus-20240229,True
b865ee3f-07db-4447-802c-052a09fb0c0f,49,A,claude-3-opus-20240229,False
0b27bdeb-6afb-48fc-964e-cd60ac18e99b,50,C,claude-3-opus-20240229,False
9f898383-2235-4906-b6cc-c1772772425a,51,B,claude-3-opus-20240229,True
7849dfbb-33ef-4b99-92b2-bd4c636ba3f4,52,C,claude-3-opus-20240229,True
118fac81-0520-4166-9b8b-ebfb1755f249,53,D,claude-3-opus-20240229,False
118f7ced-a37d-4820-8e87-5869715ac9ce,54,C,claude-3-opus-20240229,False
1f14ed35-30b8-416d-8544-17b8344667cd,55,D,claude-3-opus-20240229,True
bd0f60c5-50fe-4768-8245-c5da1cbf1ee5,56,C,claude-3-opus-20240229,False
07c2a6f8-f9ed-49dc-b9d9-ba120254409a,57,D,claude-3-opus-20240229,True
6b19ef48-dad5-4d14-b62e-f1fc3bc36021,58,D,claude-3-opus-20240229,False
a129facb-cf72-460e-afcc-427a1e8ad337,59,B,claude-3-opus-20240229,False
d5f2307a-35c0-4780-bbdf-fa12326f3e1c,60,B,claude-3-opus-20240229,True
42d0793a-a868-4c57-8a10-417beda30191,61,A,claude-3-opus-20240229,True
64ee4cab-8135-4974-bd5d-ea3ed1fc72e2,62,A,claude-3-opus-20240229,True
9e23de82-2246-467c-b287-6833c41de5cb,63,C,claude-3-opus-20240229,False
85667de5-259a-405c-a077-fa7387b63c4f,64,B,claude-3-opus-20240229,True
518d5202-cf94-4fde-bdeb-52af06cb78d0,65,D,claude-3-opus-20240229,True
ec0d307c-3510-44bd-a842-41685c95fd77,66,D,claude-3-opus-20240229,False
d1cf4ab9-5063-435c-9b84-edfb1b8bdc79,67,B,claude-3-opus-20240229,False
7fd1d0dc-6196-454b-b0bd-3a12d9a010bd,68,B,claude-3-opus-20240229,False
399f6efc-f831-41d8-bad4-ffe6d4580971,69,D,claude-3-opus-20240229,False
c846c6c5-d10e-44d2-9359-56321b5bd696,70,D,claude-3-opus-20240229,True
b0e44242-17a8-4a83-9f89-6d4853e57148,71,D,claude-3-opus-20240229,True
139110bb-e3c4-4d50-800d-210ac31f65c1,72,D,claude-3-opus-20240229,True
2ca14f6d-8f71-40c5-92f2-06f39b673711,73,D,claude-3-opus-20240229,True
905d0a70-9554-4256-8f98-b2eb1c6c6d66,74,A,claude-3-opus-20240229,False
3dcb948a-87c0-4889-a1af-c4c8c78f9f2b,75,C,claude-3-opus-20240229,False
0382d747-9360-4016-873c-600ad180fc7f,76,D,claude-3-opus-20240229,True
480e99a5-e544-4ec8-8c55-b9114899d714,77,D,claude-3-opus-20240229,False
b21ddc6b-880b-4042-8656-1c3d4233a0ad,78,B,claude-3-opus-20240229,True
b6d92859-1a95-4ba6-bb5b-63772fa964ef,79,D,claude-3-opus-20240229,False
aa2ad7d3-c1b6-4a05-aa9d-68e6bb2bbf56,80,C,claude-3-opus-20240229,True
f6d5f01a-aacd-4ace-8d10-687439fa5838,81,C,claude-3-opus-20240229,False
3c5b9490-bf6c-452b-9f48-61403fb766d0,82,C,claude-3-opus-20240229,False
4711150a-8585-46fc-8205-276a096f42cf,83,B,claude-3-opus-20240229,False
9b25fd59-d202-489d-82c8-c54d78c44aae,84,C,claude-3-opus-20240229,True
c71c630b-7abc-46d8-9a3f-daab5468e27a,85,C,claude-3-opus-20240229,False
644efd1e-007d-4b0b-b11d-1d046558cd0e,86,E,claude-3-opus-20240229,False
5b879747-bdac-475a-ae29-183ee33a3e72,87,C,claude-3-opus-20240229,True
4b5b403e-06cf-4ecb-8932-a10c54209013,88,C,claude-3-opus-20240229,True
8f3b13e0-7a6d-4bad-8ad8-b82487e67866,89,C,claude-3-opus-20240229,True
ee8fab1f-7fb2-4b02-965c-6e5bdcbc86fe,90,C,claude-3-opus-20240229,False
f49b43e6-4a52-4398-98fa-e21648d2b106,91,D,claude-3-opus-20240229,False
2914d0ee-ce22-4ea6-b7a3-523392c31b8a,92,B,claude-3-opus-20240229,False
2b0821ef-61e8-478a-9b35-2370575a9034,93,C,claude-3-opus-20240229,False
dfc667fa-bf79-42bc-81bf-45d6a12aec7a,94,D,claude-3-opus-20240229,True
f6a2de3b-0a16-4a71-bcab-34486a7c92bb,95,D,claude-3-opus-20240229,True
d0b4096d-339c-49e4-879e-6b15327e34fa,96,D,claude-3-opus-20240229,False
ede61d4a-09a2-4db4-9038-18c102b42b87,97,C,claude-3-opus-20240229,True
40cdf72a-b615-4161-96b5-0b77dc19dd9c,98,C,claude-3-opus-20240229,False
d9c77a91-3d12-4a31-a3ae-29d4d02cbc2e,99,C,claude-3-opus-20240229,False
